"data/pleda_gradient/instances/N-t70n11xx";52476
"data/pleda_gradient/instances/N-t70n11xx";52211
"data/pleda_gradient/instances/N-t70n11xx";52493
"data/pleda_gradient/instances/N-t70n11xx";52484
"data/pleda_gradient/instances/N-t70n11xx";52499
"data/pleda_gradient/instances/N-t70n11xx";52500
"data/pleda_gradient/instances/N-t70n11xx";52476
"data/pleda_gradient/instances/N-t70n11xx";52483
"data/pleda_gradient/instances/N-t70n11xx";52431
"data/pleda_gradient/instances/N-t70n11xx";52483
"data/pleda_gradient/instances/N-t70n11xx";52515
"data/pleda_gradient/instances/N-t70n11xx";52493
"data/pleda_gradient/instances/N-t70n11xx";52490
"data/pleda_gradient/instances/N-t70n11xx";52464
"data/pleda_gradient/instances/N-t70n11xx";52478
"data/pleda_gradient/instances/N-t70n11xx";52440
"data/pleda_gradient/instances/N-t70n11xx";52482
"data/pleda_gradient/instances/N-t70n11xx";52498
"data/pleda_gradient/instances/N-t70n11xx";52460
"data/pleda_gradient/instances/N-t70n11xx";52219
"data/pleda_gradient/instances/N-t70n11xx";52444
"data/pleda_gradient/instances/N-t70n11xx";52479
"data/pleda_gradient/instances/N-t70n11xx";52498
"data/pleda_gradient/instances/N-t70n11xx";52481
"data/pleda_gradient/instances/N-t70n11xx";52490
"data/pleda_gradient/instances/N-t70n11xx";52470
"data/pleda_gradient/instances/N-t70n11xx";52498
"data/pleda_gradient/instances/N-t70n11xx";52521
"data/pleda_gradient/instances/N-t70n11xx";52452
"data/pleda_gradient/instances/N-t70n11xx";52494
"data/pleda_gradient/instances/N-t70n11xx";52451
"data/pleda_gradient/instances/N-t70n11xx";52429
"data/pleda_gradient/instances/N-t70n11xx";52248
"data/pleda_gradient/instances/N-t70n11xx";52525
"data/pleda_gradient/instances/N-t70n11xx";52513
"data/pleda_gradient/instances/N-t70n11xx";52489
"data/pleda_gradient/instances/N-t70n11xx";52448
"data/pleda_gradient/instances/N-t70n11xx";52157
"data/pleda_gradient/instances/N-t70n11xx";52449
"data/pleda_gradient/instances/N-t70n11xx";52447
"data/pleda_gradient/instances/N-t70n11xx";52476
"data/pleda_gradient/instances/N-t70n11xx";52535
"data/pleda_gradient/instances/N-t70n11xx";52464
"data/pleda_gradient/instances/N-t70n11xx";52453
"data/pleda_gradient/instances/N-t70n11xx";52493
"data/pleda_gradient/instances/N-t70n11xx";52438
"data/pleda_gradient/instances/N-t70n11xx";52489
"data/pleda_gradient/instances/N-t70n11xx";52462
"data/pleda_gradient/instances/N-t70n11xx";52219
"data/pleda_gradient/instances/N-t70n11xx";52223
"data/pleda_gradient/instances/N-t70n11xx";52514
"data/pleda_gradient/instances/N-t70n11xx";52476
"data/pleda_gradient/instances/N-t70n11xx";52495
"data/pleda_gradient/instances/N-t70n11xx";52496
"data/pleda_gradient/instances/N-t70n11xx";52502
"data/pleda_gradient/instances/N-t70n11xx";52538
"data/pleda_gradient/instances/N-t70n11xx";52491
"data/pleda_gradient/instances/N-t70n11xx";52457
"data/pleda_gradient/instances/N-t70n11xx";52471
"data/pleda_gradient/instances/N-t70n11xx";52531
"data/pleda_gradient/instances/N-t70n11xx";52488
"data/pleda_gradient/instances/N-t70n11xx";52441
"data/pleda_gradient/instances/N-t70n11xx";52467
"data/pleda_gradient/instances/N-t70n11xx";52483
"data/pleda_gradient/instances/N-t70n11xx";52476
"data/pleda_gradient/instances/N-t70n11xx";52494
"data/pleda_gradient/instances/N-t70n11xx";52485
"data/pleda_gradient/instances/N-t70n11xx";52507
"data/pleda_gradient/instances/N-t70n11xx";52224
"data/pleda_gradient/instances/N-t70n11xx";52464
"data/pleda_gradient/instances/N-t70n11xx";52503
"data/pleda_gradient/instances/N-t70n11xx";52495
"data/pleda_gradient/instances/N-t70n11xx";52518
"data/pleda_gradient/instances/N-t70n11xx";52490
"data/pleda_gradient/instances/N-t70n11xx";52508
"data/pleda_gradient/instances/N-t70n11xx";52505
"data/pleda_gradient/instances/N-t70n11xx";52214
"data/pleda_gradient/instances/N-t70n11xx";52506
"data/pleda_gradient/instances/N-t70n11xx";52507
"data/pleda_gradient/instances/N-t70n11xx";52207
"data/pleda_gradient/instances/N-t70n11xx";52531
"data/pleda_gradient/instances/N-t70n11xx";52492
"data/pleda_gradient/instances/N-t70n11xx";52515
"data/pleda_gradient/instances/N-t70n11xx";52497
"data/pleda_gradient/instances/N-t70n11xx";52476
"data/pleda_gradient/instances/N-t70n11xx";52490
"data/pleda_gradient/instances/N-t70n11xx";52436
"data/pleda_gradient/instances/N-t70n11xx";52495
"data/pleda_gradient/instances/N-t70n11xx";52437
"data/pleda_gradient/instances/N-t70n11xx";52494
"data/pleda_gradient/instances/N-t70n11xx";52513
"data/pleda_gradient/instances/N-t70n11xx";52483
"data/pleda_gradient/instances/N-t70n11xx";52522
"data/pleda_gradient/instances/N-t70n11xx";52496
"data/pleda_gradient/instances/N-t70n11xx";52196
"data/pleda_gradient/instances/N-t70n11xx";52525
"data/pleda_gradient/instances/N-t70n11xx";52490
"data/pleda_gradient/instances/N-t70n11xx";52506
"data/pleda_gradient/instances/N-t70n11xx";52498
"data/pleda_gradient/instances/N-t70n11xx";52250
"data/pleda_gradient/instances/N-t70n11xx";52524
"data/pleda_gradient/instances/N-t70n11xx";52469
"data/pleda_gradient/instances/N-t70n11xx";52497
"data/pleda_gradient/instances/N-t70n11xx";52519
"data/pleda_gradient/instances/N-t70n11xx";52437
"data/pleda_gradient/instances/N-t70n11xx";52481
"data/pleda_gradient/instances/N-t70n11xx";52237
"data/pleda_gradient/instances/N-t70n11xx";52436
"data/pleda_gradient/instances/N-t70n11xx";52508
"data/pleda_gradient/instances/N-t70n11xx";52518
"data/pleda_gradient/instances/N-t70n11xx";52490
"data/pleda_gradient/instances/N-t70n11xx";52501
"data/pleda_gradient/instances/N-t70n11xx";52508
"data/pleda_gradient/instances/N-t70n11xx";52476
"data/pleda_gradient/instances/N-t70n11xx";52520
"data/pleda_gradient/instances/N-t70n11xx";52435
"data/pleda_gradient/instances/N-t70n11xx";52463
"data/pleda_gradient/instances/N-t70n11xx";52481
"data/pleda_gradient/instances/N-t70n11xx";52486
"data/pleda_gradient/instances/N-t70n11xx";52489
"data/pleda_gradient/instances/N-t70n11xx";52482
"data/pleda_gradient/instances/N-t70n11xx";52496
"data/pleda_gradient/instances/N-t70n11xx";52499
"data/pleda_gradient/instances/N-t70n11xx";52443
"data/pleda_gradient/instances/N-t70n11xx";52497
"data/pleda_gradient/instances/N-t70n11xx";52464
"data/pleda_gradient/instances/N-t70n11xx";52514
"data/pleda_gradient/instances/N-t70n11xx";52476
"data/pleda_gradient/instances/N-t70n11xx";52498
"data/pleda_gradient/instances/N-t70n11xx";52496
"data/pleda_gradient/instances/N-t70n11xx";52498
"data/pleda_gradient/instances/N-t70n11xx";52530
"data/pleda_gradient/instances/N-t70n11xx";52203
"data/pleda_gradient/instances/N-t70n11xx";52482
"data/pleda_gradient/instances/N-t70n11xx";52441
"data/pleda_gradient/instances/N-t70n11xx";52493
"data/pleda_gradient/instances/N-t70n11xx";52532
"data/pleda_gradient/instances/N-t70n11xx";52518
"data/pleda_gradient/instances/N-t70n11xx";52474
"data/pleda_gradient/instances/N-t70n11xx";52498
"data/pleda_gradient/instances/N-t70n11xx";52512
"data/pleda_gradient/instances/N-t70n11xx";52226
"data/pleda_gradient/instances/N-t70n11xx";52538
"data/pleda_gradient/instances/N-t70n11xx";52477
"data/pleda_gradient/instances/N-t70n11xx";52508
"data/pleda_gradient/instances/N-t70n11xx";52243
"data/pleda_gradient/instances/N-t70n11xx";52533
"data/pleda_gradient/instances/N-t70n11xx";52463
"data/pleda_gradient/instances/N-t70n11xx";52440
"data/pleda_gradient/instances/N-t70n11xx";52246
"data/pleda_gradient/instances/N-t70n11xx";52209
"data/pleda_gradient/instances/N-t70n11xx";52488
"data/pleda_gradient/instances/N-t70n11xx";52530
"data/pleda_gradient/instances/N-t70n11xx";52195
"data/pleda_gradient/instances/N-t70n11xx";52487
"data/pleda_gradient/instances/N-t70n11xx";52494
"data/pleda_gradient/instances/N-t70n11xx";52508
"data/pleda_gradient/instances/N-t70n11xx";52505
"data/pleda_gradient/instances/N-t70n11xx";52444
"data/pleda_gradient/instances/N-t70n11xx";52515
"data/pleda_gradient/instances/N-t70n11xx";52499
"data/pleda_gradient/instances/N-t70n11xx";52428
"data/pleda_gradient/instances/N-t70n11xx";52498
"data/pleda_gradient/instances/N-t70n11xx";52244
"data/pleda_gradient/instances/N-t70n11xx";52520
"data/pleda_gradient/instances/N-t70n11xx";52463
"data/pleda_gradient/instances/N-t70n11xx";52187
"data/pleda_gradient/instances/N-t70n11xx";52484
"data/pleda_gradient/instances/N-t70n11xx";52517
"data/pleda_gradient/instances/N-t70n11xx";52504
"data/pleda_gradient/instances/N-t70n11xx";52511
"data/pleda_gradient/instances/N-t70n11xx";52530
"data/pleda_gradient/instances/N-t70n11xx";52519
"data/pleda_gradient/instances/N-t70n11xx";52514
"data/pleda_gradient/instances/N-t70n11xx";52532
"data/pleda_gradient/instances/N-t70n11xx";52203
"data/pleda_gradient/instances/N-t70n11xx";52485
"data/pleda_gradient/instances/N-t70n11xx";52439
"data/pleda_gradient/instances/N-t70n11xx";52496
"data/pleda_gradient/instances/N-t70n11xx";52443
"data/pleda_gradient/instances/N-t70n11xx";52503
"data/pleda_gradient/instances/N-t70n11xx";52520
"data/pleda_gradient/instances/N-t70n11xx";52516
"data/pleda_gradient/instances/N-t70n11xx";52478
"data/pleda_gradient/instances/N-t70n11xx";52473
"data/pleda_gradient/instances/N-t70n11xx";52505
"data/pleda_gradient/instances/N-t70n11xx";52480
"data/pleda_gradient/instances/N-t70n11xx";52196
"data/pleda_gradient/instances/N-t70n11xx";52492
"data/pleda_gradient/instances/N-t70n11xx";52527
"data/pleda_gradient/instances/N-t70n11xx";52490
"data/pleda_gradient/instances/N-t70n11xx";52493
"data/pleda_gradient/instances/N-t70n11xx";52252
"data/pleda_gradient/instances/N-t70n11xx";52470
"data/pleda_gradient/instances/N-t70n11xx";52493
"data/pleda_gradient/instances/N-t70n11xx";52533
"data/pleda_gradient/instances/N-t70n11xx";52506
"data/pleda_gradient/instances/N-t70n11xx";52496
"data/pleda_gradient/instances/N-t70n11xx";52519
"data/pleda_gradient/instances/N-t70n11xx";52492
"data/pleda_gradient/instances/N-t70n11xx";52509
"data/pleda_gradient/instances/N-t70n11xx";52530
"data/pleda_gradient/instances/N-t70n11xx";52213
"data/pleda_gradient/instances/N-t70n11xx";52499
"data/pleda_gradient/instances/N-t70n11xx";52492
"data/pleda_gradient/instances/N-t70n11xx";52528
"data/pleda_gradient/instances/N-t70n11xx";52499
"data/pleda_gradient/instances/N-t70n11xx";52526
"data/pleda_gradient/instances/N-t70n11xx";52521
"data/pleda_gradient/instances/N-t70n11xx";52488
"data/pleda_gradient/instances/N-t70n11xx";52485
"data/pleda_gradient/instances/N-t70n11xx";52502
"data/pleda_gradient/instances/N-t70n11xx";52515
"data/pleda_gradient/instances/N-t70n11xx";52470
"data/pleda_gradient/instances/N-t70n11xx";52207
"data/pleda_gradient/instances/N-t70n11xx";52494
"data/pleda_gradient/instances/N-t70n11xx";52527
"data/pleda_gradient/instances/N-t70n11xx";52442
"data/pleda_gradient/instances/N-t70n11xx";52200
"data/pleda_gradient/instances/N-t70n11xx";52485
"data/pleda_gradient/instances/N-t70n11xx";52489
"data/pleda_gradient/instances/N-t70n11xx";52499
"data/pleda_gradient/instances/N-t70n11xx";52488
"data/pleda_gradient/instances/N-t70n11xx";52486
"data/pleda_gradient/instances/N-t70n11xx";52232
"data/pleda_gradient/instances/N-t70n11xx";52477
"data/pleda_gradient/instances/N-t70n11xx";52485
"data/pleda_gradient/instances/N-t70n11xx";52490
"data/pleda_gradient/instances/N-t70n11xx";52524
"data/pleda_gradient/instances/N-t70n11xx";52470
"data/pleda_gradient/instances/N-t70n11xx";52504
"data/pleda_gradient/instances/N-t70n11xx";52501
"data/pleda_gradient/instances/N-t70n11xx";52497
"data/pleda_gradient/instances/N-t70n11xx";52489
"data/pleda_gradient/instances/N-t70n11xx";52152
"data/pleda_gradient/instances/N-t70n11xx";52527
"data/pleda_gradient/instances/N-t70n11xx";52487
"data/pleda_gradient/instances/N-t70n11xx";52501
"data/pleda_gradient/instances/N-t70n11xx";52504
"data/pleda_gradient/instances/N-t70n11xx";52494
"data/pleda_gradient/instances/N-t70n11xx";52484
"data/pleda_gradient/instances/N-t70n11xx";52213
"data/pleda_gradient/instances/N-t70n11xx";52449
"data/pleda_gradient/instances/N-t70n11xx";52490
"data/pleda_gradient/instances/N-t70n11xx";52525
"data/pleda_gradient/instances/N-t70n11xx";52476
"data/pleda_gradient/instances/N-t70n11xx";52540
"data/pleda_gradient/instances/N-t70n11xx";52463
"data/pleda_gradient/instances/N-t70n11xx";52200
"data/pleda_gradient/instances/N-t70n11xx";52471
"data/pleda_gradient/instances/N-t70n11xx";52479
"data/pleda_gradient/instances/N-t70n11xx";52504
"data/pleda_gradient/instances/N-t70n11xx";52526
"data/pleda_gradient/instances/N-t70n11xx";52533
"data/pleda_gradient/instances/N-t70n11xx";52473
"data/pleda_gradient/instances/N-t70n11xx";52475
"data/pleda_gradient/instances/N-t70n11xx";52518
"data/pleda_gradient/instances/N-t70n11xx";52507
"data/pleda_gradient/instances/N-t70n11xx";52500
"data/pleda_gradient/instances/N-t70n11xx";52499
"data/pleda_gradient/instances/N-t70n11xx";52512
"data/pleda_gradient/instances/N-t70n11xx";52478
"data/pleda_gradient/instances/N-t70n11xx";52523
"data/pleda_gradient/instances/N-t70n11xx";52453
"data/pleda_gradient/instances/N-t70n11xx";52488
"data/pleda_gradient/instances/N-t70n11xx";52523
"data/pleda_gradient/instances/N-t70n11xx";52240
"data/pleda_gradient/instances/N-t70n11xx";52505
"data/pleda_gradient/instances/N-t70n11xx";52532
"data/pleda_gradient/instances/N-t70n11xx";52504
"data/pleda_gradient/instances/N-t70n11xx";52444
"data/pleda_gradient/instances/N-t70n11xx";52194
"data/pleda_gradient/instances/N-t70n11xx";52514
"data/pleda_gradient/instances/N-t70n11xx";52474
"data/pleda_gradient/instances/N-t70n11xx";52473
"data/pleda_gradient/instances/N-t70n11xx";52526
"data/pleda_gradient/instances/N-t70n11xx";52437
"data/pleda_gradient/instances/N-t70n11xx";52536
"data/pleda_gradient/instances/N-t70n11xx";52491
"data/pleda_gradient/instances/N-t70n11xx";52523
"data/pleda_gradient/instances/N-t70n11xx";52529
"data/pleda_gradient/instances/N-t70n11xx";52535
"data/pleda_gradient/instances/N-t70n11xx";52453
"data/pleda_gradient/instances/N-t70n11xx";52522
"data/pleda_gradient/instances/N-t70n11xx";52519
"data/pleda_gradient/instances/N-t70n11xx";52446
"data/pleda_gradient/instances/N-t70n11xx";52500
"data/pleda_gradient/instances/N-t70n11xx";52490
"data/pleda_gradient/instances/N-t70n11xx";52459
"data/pleda_gradient/instances/N-t70n11xx";52467
"data/pleda_gradient/instances/N-t70n11xx";52456
"data/pleda_gradient/instances/N-t70n11xx";52490
"data/pleda_gradient/instances/N-t70n11xx";52521
"data/pleda_gradient/instances/N-t70n11xx";52484
"data/pleda_gradient/instances/N-t70n11xx";52508
"data/pleda_gradient/instances/N-t70n11xx";52451
"data/pleda_gradient/instances/N-t70n11xx";52231
"data/pleda_gradient/instances/N-t70n11xx";52488
"data/pleda_gradient/instances/N-t70n11xx";52485
"data/pleda_gradient/instances/N-t70n11xx";52215
"data/pleda_gradient/instances/N-t70n11xx";52493
"data/pleda_gradient/instances/N-t70n11xx";52475
"data/pleda_gradient/instances/N-t70n11xx";52474
"data/pleda_gradient/instances/N-t70n11xx";52508
"data/pleda_gradient/instances/N-t70n11xx";52524
"data/pleda_gradient/instances/N-t70n11xx";52477
"data/pleda_gradient/instances/N-t70n11xx";52514
"data/pleda_gradient/instances/N-t70n11xx";52452
"data/pleda_gradient/instances/N-t70n11xx";52491
"data/pleda_gradient/instances/N-t70n11xx";52473
"data/pleda_gradient/instances/N-t70n11xx";52441
"data/pleda_gradient/instances/N-t70n11xx";52520
"data/pleda_gradient/instances/N-t70n11xx";52471
"data/pleda_gradient/instances/N-t70n11xx";52466
"data/pleda_gradient/instances/N-t70n11xx";52475
"data/pleda_gradient/instances/N-t70n11xx";52439
"data/pleda_gradient/instances/N-t70n11xx";52483
"data/pleda_gradient/instances/N-t70n11xx";52491
"data/pleda_gradient/instances/N-t70n11xx";52204
"data/pleda_gradient/instances/N-t70n11xx";52500
"data/pleda_gradient/instances/N-t70n11xx";52488
"data/pleda_gradient/instances/N-t70n11xx";52489
"data/pleda_gradient/instances/N-t70n11xx";52519
"data/pleda_gradient/instances/N-t70n11xx";52495
"data/pleda_gradient/instances/N-t70n11xx";52448
"data/pleda_gradient/instances/N-t70n11xx";52453
"data/pleda_gradient/instances/N-t70n11xx";52466
"data/pleda_gradient/instances/N-t70n11xx";52462
"data/pleda_gradient/instances/N-t70n11xx";52489
"data/pleda_gradient/instances/N-t70n11xx";52471
"data/pleda_gradient/instances/N-t70n11xx";52484
"data/pleda_gradient/instances/N-t70n11xx";52483
"data/pleda_gradient/instances/N-t70n11xx";52501
"data/pleda_gradient/instances/N-t70n11xx";52486
"data/pleda_gradient/instances/N-t70n11xx";52494
"data/pleda_gradient/instances/N-t70n11xx";52473
"data/pleda_gradient/instances/N-t70n11xx";52481
"data/pleda_gradient/instances/N-t70n11xx";52502
"data/pleda_gradient/instances/N-t70n11xx";52516
"data/pleda_gradient/instances/N-t70n11xx";52223
"data/pleda_gradient/instances/N-t70n11xx";52490
"data/pleda_gradient/instances/N-t70n11xx";52447
"data/pleda_gradient/instances/N-t70n11xx";52222
"data/pleda_gradient/instances/N-t70n11xx";52469
"data/pleda_gradient/instances/N-t70n11xx";52509
"data/pleda_gradient/instances/N-t70n11xx";52194
"data/pleda_gradient/instances/N-t70n11xx";52490
"data/pleda_gradient/instances/N-t70n11xx";52484
"data/pleda_gradient/instances/N-t70n11xx";52446
"data/pleda_gradient/instances/N-t70n11xx";52487
"data/pleda_gradient/instances/N-t70n11xx";52476
"data/pleda_gradient/instances/N-t70n11xx";52509
"data/pleda_gradient/instances/N-t70n11xx";52496
"data/pleda_gradient/instances/N-t70n11xx";52459
"data/pleda_gradient/instances/N-t70n11xx";52474
"data/pleda_gradient/instances/N-t70n11xx";52501
"data/pleda_gradient/instances/N-t70n11xx";52516
"data/pleda_gradient/instances/N-t70n11xx";52223
"data/pleda_gradient/instances/N-t70n11xx";52487
"data/pleda_gradient/instances/N-t70n11xx";52468
"data/pleda_gradient/instances/N-t70n11xx";52534
"data/pleda_gradient/instances/N-t70n11xx";52522
"data/pleda_gradient/instances/N-t70n11xx";52474
"data/pleda_gradient/instances/N-t70n11xx";52227
"data/pleda_gradient/instances/N-t70n11xx";52450
"data/pleda_gradient/instances/N-t70n11xx";52506
"data/pleda_gradient/instances/N-t70n11xx";52193
"data/pleda_gradient/instances/N-t70n11xx";52429
"data/pleda_gradient/instances/N-t70n11xx";52496
"data/pleda_gradient/instances/N-t70n11xx";52493
"data/pleda_gradient/instances/N-t70n11xx";52493
"data/pleda_gradient/instances/N-t70n11xx";52488
"data/pleda_gradient/instances/N-t70n11xx";52190
"data/pleda_gradient/instances/N-t70n11xx";52509
"data/pleda_gradient/instances/N-t70n11xx";52434
"data/pleda_gradient/instances/N-t70n11xx";52469
"data/pleda_gradient/instances/N-t70n11xx";52510
"data/pleda_gradient/instances/N-t70n11xx";52481
"data/pleda_gradient/instances/N-t70n11xx";52520
"data/pleda_gradient/instances/N-t70n11xx";52504
"data/pleda_gradient/instances/N-t70n11xx";52230
"data/pleda_gradient/instances/N-t70n11xx";52500
"data/pleda_gradient/instances/N-t70n11xx";52487
"data/pleda_gradient/instances/N-t70n11xx";52517
"data/pleda_gradient/instances/N-t70n11xx";52473
"data/pleda_gradient/instances/N-t70n11xx";52488
"data/pleda_gradient/instances/N-t70n11xx";52450
"data/pleda_gradient/instances/N-t70n11xx";52203
"data/pleda_gradient/instances/N-t70n11xx";52215
"data/pleda_gradient/instances/N-t70n11xx";52490
"data/pleda_gradient/instances/N-t70n11xx";52479
"data/pleda_gradient/instances/N-t70n11xx";52515
"data/pleda_gradient/instances/N-t70n11xx";52210
"data/pleda_gradient/instances/N-t70n11xx";52485
"data/pleda_gradient/instances/N-t70n11xx";52516
"data/pleda_gradient/instances/N-t70n11xx";52504
"data/pleda_gradient/instances/N-t70n11xx";52521
"data/pleda_gradient/instances/N-t70n11xx";52499
"data/pleda_gradient/instances/N-t70n11xx";52503
"data/pleda_gradient/instances/N-t70n11xx";52526
"data/pleda_gradient/instances/N-t70n11xx";52444
"data/pleda_gradient/instances/N-t70n11xx";52492
"data/pleda_gradient/instances/N-t70n11xx";52525
"data/pleda_gradient/instances/N-t70n11xx";52480
"data/pleda_gradient/instances/N-t70n11xx";52513
"data/pleda_gradient/instances/N-t70n11xx";52494
"data/pleda_gradient/instances/N-t70n11xx";52517
"data/pleda_gradient/instances/N-t70n11xx";52540
"data/pleda_gradient/instances/N-t70n11xx";52474
"data/pleda_gradient/instances/N-t70n11xx";52500
"data/pleda_gradient/instances/N-t70n11xx";52486
"data/pleda_gradient/instances/N-t70n11xx";52468
"data/pleda_gradient/instances/N-t70n11xx";52479
"data/pleda_gradient/instances/N-t70n11xx";52486
"data/pleda_gradient/instances/N-t70n11xx";52487
"data/pleda_gradient/instances/N-t70n11xx";52492
"data/pleda_gradient/instances/N-t70n11xx";52486
"data/pleda_gradient/instances/N-t70n11xx";52252
"data/pleda_gradient/instances/N-t70n11xx";52512
"data/pleda_gradient/instances/N-t70n11xx";52487
"data/pleda_gradient/instances/N-t70n11xx";52457
"data/pleda_gradient/instances/N-t70n11xx";52493
"data/pleda_gradient/instances/N-t70n11xx";52440
"data/pleda_gradient/instances/N-t70n11xx";52500
"data/pleda_gradient/instances/N-t70n11xx";52446
"data/pleda_gradient/instances/N-t70n11xx";52528
"data/pleda_gradient/instances/N-t70n11xx";52498
"data/pleda_gradient/instances/N-t70n11xx";52234
"data/pleda_gradient/instances/N-t70n11xx";52524
"data/pleda_gradient/instances/N-t70n11xx";52511
"data/pleda_gradient/instances/N-t70n11xx";52467
"data/pleda_gradient/instances/N-t70n11xx";52518
"data/pleda_gradient/instances/N-t70n11xx";52432
"data/pleda_gradient/instances/N-t70n11xx";52478
"data/pleda_gradient/instances/N-t70n11xx";52443
"data/pleda_gradient/instances/N-t70n11xx";52454
"data/pleda_gradient/instances/N-t70n11xx";52443
"data/pleda_gradient/instances/N-t70n11xx";52473
"data/pleda_gradient/instances/N-t70n11xx";52479
"data/pleda_gradient/instances/N-t70n11xx";52494
"data/pleda_gradient/instances/N-t70n11xx";52514
"data/pleda_gradient/instances/N-t70n11xx";52465
"data/pleda_gradient/instances/N-t70n11xx";52511
"data/pleda_gradient/instances/N-t70n11xx";52511
"data/pleda_gradient/instances/N-t70n11xx";52253
"data/pleda_gradient/instances/N-t70n11xx";52505
"data/pleda_gradient/instances/N-t70n11xx";52477
"data/pleda_gradient/instances/N-t70n11xx";52489
"data/pleda_gradient/instances/N-t70n11xx";52434
"data/pleda_gradient/instances/N-t70n11xx";52512
"data/pleda_gradient/instances/N-t70n11xx";52495
"data/pleda_gradient/instances/N-t70n11xx";52479
"data/pleda_gradient/instances/N-t70n11xx";52495
"data/pleda_gradient/instances/N-t70n11xx";52516
"data/pleda_gradient/instances/N-t70n11xx";52516
"data/pleda_gradient/instances/N-t70n11xx";52498
"data/pleda_gradient/instances/N-t70n11xx";52234
"data/pleda_gradient/instances/N-t70n11xx";52503
"data/pleda_gradient/instances/N-t70n11xx";52504
"data/pleda_gradient/instances/N-t70n11xx";52440
"data/pleda_gradient/instances/N-t70n11xx";52495
"data/pleda_gradient/instances/N-t70n11xx";52460
"data/pleda_gradient/instances/N-t70n11xx";52484
"data/pleda_gradient/instances/N-t70n11xx";52463
"data/pleda_gradient/instances/N-t70n11xx";52499
"data/pleda_gradient/instances/N-t70n11xx";52491
"data/pleda_gradient/instances/N-t70n11xx";52466
"data/pleda_gradient/instances/N-t70n11xx";52502
"data/pleda_gradient/instances/N-t70n11xx";52521
"data/pleda_gradient/instances/N-t70n11xx";52498
"data/pleda_gradient/instances/N-t70n11xx";52447
"data/pleda_gradient/instances/N-t70n11xx";52497
"data/pleda_gradient/instances/N-t70n11xx";52473
"data/pleda_gradient/instances/N-t70n11xx";52495
"data/pleda_gradient/instances/N-t70n11xx";52446
"data/pleda_gradient/instances/N-t70n11xx";52435
"data/pleda_gradient/instances/N-t70n11xx";52504
"data/pleda_gradient/instances/N-t70n11xx";52489
"data/pleda_gradient/instances/N-t70n11xx";52498
"data/pleda_gradient/instances/N-t70n11xx";52465
"data/pleda_gradient/instances/N-t70n11xx";52492
"data/pleda_gradient/instances/N-t70n11xx";52499
"data/pleda_gradient/instances/N-t70n11xx";52136
"data/pleda_gradient/instances/N-t70n11xx";52476
"data/pleda_gradient/instances/N-t70n11xx";52509
"data/pleda_gradient/instances/N-t70n11xx";52487
"data/pleda_gradient/instances/N-t70n11xx";52470
"data/pleda_gradient/instances/N-t70n11xx";52528
"data/pleda_gradient/instances/N-t70n11xx";52250
"data/pleda_gradient/instances/N-t70n11xx";52473
"data/pleda_gradient/instances/N-t70n11xx";52237
"data/pleda_gradient/instances/N-t70n11xx";52483
"data/pleda_gradient/instances/N-t70n11xx";52474
"data/pleda_gradient/instances/N-t70n11xx";52498
"data/pleda_gradient/instances/N-t70n11xx";52500
"data/pleda_gradient/instances/N-t70n11xx";52470
"data/pleda_gradient/instances/N-t70n11xx";52476
"data/pleda_gradient/instances/N-t70n11xx";52491
"data/pleda_gradient/instances/N-t70n11xx";52446
"data/pleda_gradient/instances/N-t70n11xx";52188
"data/pleda_gradient/instances/N-t70n11xx";52510
"data/pleda_gradient/instances/N-t70n11xx";52521
"data/pleda_gradient/instances/N-t70n11xx";52209
"data/pleda_gradient/instances/N-t70n11xx";52522
"data/pleda_gradient/instances/N-t70n11xx";52510
"data/pleda_gradient/instances/N-t70n11xx";52458
"data/pleda_gradient/instances/N-t70n11xx";52447
"data/pleda_gradient/instances/N-t70n11xx";52226
"data/pleda_gradient/instances/N-t70n11xx";52242
"data/pleda_gradient/instances/N-t70n11xx";52248
"data/pleda_gradient/instances/N-t70n11xx";52494
"data/pleda_gradient/instances/N-t70n11xx";52469
"data/pleda_gradient/instances/N-t70n11xx";52509
"data/pleda_gradient/instances/N-t70n11xx";52511
"data/pleda_gradient/instances/N-t70n11xx";52482
"data/pleda_gradient/instances/N-t70n11xx";52539
"data/pleda_gradient/instances/N-t70n11xx";52503
"data/pleda_gradient/instances/N-t70n11xx";52214
"data/pleda_gradient/instances/N-t70n11xx";52505
"data/pleda_gradient/instances/N-t70n11xx";52520
"data/pleda_gradient/instances/N-t70n11xx";52479
"data/pleda_gradient/instances/N-t70n11xx";52440
"data/pleda_gradient/instances/N-t70n11xx";52450
"data/pleda_gradient/instances/N-t70n11xx";52498
"data/pleda_gradient/instances/N-t70n11xx";52491
"data/pleda_gradient/instances/N-t70n11xx";52486
"data/pleda_gradient/instances/N-t70n11xx";52510
"data/pleda_gradient/instances/N-t70n11xx";52528
"data/pleda_gradient/instances/N-t70n11xx";52483
"data/pleda_gradient/instances/N-t70n11xx";52477
"data/pleda_gradient/instances/N-t70n11xx";52514
"data/pleda_gradient/instances/N-t70n11xx";52501
"data/pleda_gradient/instances/N-t70n11xx";52498
"data/pleda_gradient/instances/N-t70n11xx";52440
"data/pleda_gradient/instances/N-t70n11xx";52496
"data/pleda_gradient/instances/N-t70n11xx";52497
"data/pleda_gradient/instances/N-t70n11xx";52228
"data/pleda_gradient/instances/N-t70n11xx";52518
"data/pleda_gradient/instances/N-t70n11xx";52506
"data/pleda_gradient/instances/N-t70n11xx";52507
"data/pleda_gradient/instances/N-t70n11xx";52220
"data/pleda_gradient/instances/N-t70n11xx";52445
"data/pleda_gradient/instances/N-t70n11xx";52473
"data/pleda_gradient/instances/N-t70n11xx";52433
"data/pleda_gradient/instances/N-t70n11xx";52471
"data/pleda_gradient/instances/N-t70n11xx";52500
"data/pleda_gradient/instances/N-t70n11xx";52518
"data/pleda_gradient/instances/N-t70n11xx";52227
"data/pleda_gradient/instances/N-t70n11xx";52220
"data/pleda_gradient/instances/N-t70n11xx";52539
"data/pleda_gradient/instances/N-t70n11xx";52232
"data/pleda_gradient/instances/N-t70n11xx";52510
"data/pleda_gradient/instances/N-t70n11xx";52462
"data/pleda_gradient/instances/N-t70n11xx";52496
"data/pleda_gradient/instances/N-t70n11xx";52490
"data/pleda_gradient/instances/N-t70n11xx";52504
"data/pleda_gradient/instances/N-t70n11xx";52535
"data/pleda_gradient/instances/N-t70n11xx";52471
"data/pleda_gradient/instances/N-t70n11xx";52504
"data/pleda_gradient/instances/N-t70n11xx";52486
"data/pleda_gradient/instances/N-t70n11xx";52502
"data/pleda_gradient/instances/N-t70n11xx";52453
"data/pleda_gradient/instances/N-t70n11xx";52482
"data/pleda_gradient/instances/N-t70n11xx";52501
"data/pleda_gradient/instances/N-t70n11xx";52467
"data/pleda_gradient/instances/N-t70n11xx";52504
"data/pleda_gradient/instances/N-t70n11xx";52487
"data/pleda_gradient/instances/N-t70n11xx";52512
"data/pleda_gradient/instances/N-t70n11xx";52212
"data/pleda_gradient/instances/N-t70n11xx";52494
"data/pleda_gradient/instances/N-t70n11xx";52492
"data/pleda_gradient/instances/N-t70n11xx";52473
"data/pleda_gradient/instances/N-t70n11xx";52222
"data/pleda_gradient/instances/N-t70n11xx";52514
"data/pleda_gradient/instances/N-t70n11xx";52472
"data/pleda_gradient/instances/N-t70n11xx";52474
"data/pleda_gradient/instances/N-t70n11xx";52486
"data/pleda_gradient/instances/N-t70n11xx";52492
"data/pleda_gradient/instances/N-t70n11xx";52453
"data/pleda_gradient/instances/N-t70n11xx";52454
"data/pleda_gradient/instances/N-t70n11xx";52484
"data/pleda_gradient/instances/N-t70n11xx";52490
"data/pleda_gradient/instances/N-t70n11xx";52466
"data/pleda_gradient/instances/N-t70n11xx";52484
"data/pleda_gradient/instances/N-t70n11xx";52492
"data/pleda_gradient/instances/N-t70n11xx";52521
"data/pleda_gradient/instances/N-t70n11xx";52532
"data/pleda_gradient/instances/N-t70n11xx";52513
"data/pleda_gradient/instances/N-t70n11xx";52510
"data/pleda_gradient/instances/N-t70n11xx";52462
"data/pleda_gradient/instances/N-t70n11xx";52528
"data/pleda_gradient/instances/N-t70n11xx";52484
"data/pleda_gradient/instances/N-t70n11xx";52492
"data/pleda_gradient/instances/N-t70n11xx";52484
"data/pleda_gradient/instances/N-t70n11xx";52504
"data/pleda_gradient/instances/N-t70n11xx";52451
"data/pleda_gradient/instances/N-t70n11xx";52481
"data/pleda_gradient/instances/N-t70n11xx";52489
"data/pleda_gradient/instances/N-t70n11xx";52451
"data/pleda_gradient/instances/N-t70n11xx";52446
"data/pleda_gradient/instances/N-t70n11xx";52456
"data/pleda_gradient/instances/N-t70n11xx";52486
"data/pleda_gradient/instances/N-t70n11xx";52539
"data/pleda_gradient/instances/N-t70n11xx";52510
"data/pleda_gradient/instances/N-t70n11xx";52485
"data/pleda_gradient/instances/N-t70n11xx";52491
"data/pleda_gradient/instances/N-t70n11xx";52239
"data/pleda_gradient/instances/N-t70n11xx";52529
"data/pleda_gradient/instances/N-t70n11xx";52499
"data/pleda_gradient/instances/N-t70n11xx";52506
"data/pleda_gradient/instances/N-t70n11xx";52500
"data/pleda_gradient/instances/N-t70n11xx";52502
"data/pleda_gradient/instances/N-t70n11xx";52454
"data/pleda_gradient/instances/N-t70n11xx";52488
"data/pleda_gradient/instances/N-t70n11xx";52485
"data/pleda_gradient/instances/N-t70n11xx";52505
"data/pleda_gradient/instances/N-t70n11xx";52504
"data/pleda_gradient/instances/N-t70n11xx";52500
"data/pleda_gradient/instances/N-t70n11xx";52493
"data/pleda_gradient/instances/N-t70n11xx";52491
"data/pleda_gradient/instances/N-t70n11xx";52494
"data/pleda_gradient/instances/N-t70n11xx";52505
"data/pleda_gradient/instances/N-t70n11xx";52519
"data/pleda_gradient/instances/N-t70n11xx";52449
"data/pleda_gradient/instances/N-t70n11xx";52526
"data/pleda_gradient/instances/N-t70n11xx";52536
"data/pleda_gradient/instances/N-t70n11xx";52491
"data/pleda_gradient/instances/N-t70n11xx";52472
"data/pleda_gradient/instances/N-t70n11xx";52456
"data/pleda_gradient/instances/N-t70n11xx";52223
"data/pleda_gradient/instances/N-t70n11xx";52524
"data/pleda_gradient/instances/N-t70n11xx";52497
"data/pleda_gradient/instances/N-t70n11xx";52230
"data/pleda_gradient/instances/N-t70n11xx";52518
"data/pleda_gradient/instances/N-t70n11xx";52487
"data/pleda_gradient/instances/N-t70n11xx";52538
"data/pleda_gradient/instances/N-t70n11xx";52547
"data/pleda_gradient/instances/N-t70n11xx";52466
"data/pleda_gradient/instances/N-t70n11xx";52537
"data/pleda_gradient/instances/N-t70n11xx";52516
"data/pleda_gradient/instances/N-t70n11xx";52499
"data/pleda_gradient/instances/N-t70n11xx";52487
"data/pleda_gradient/instances/N-t70n11xx";52441
"data/pleda_gradient/instances/N-t70n11xx";52215
"data/pleda_gradient/instances/N-t70n11xx";52490
"data/pleda_gradient/instances/N-t70n11xx";52521
"data/pleda_gradient/instances/N-t70n11xx";52516
"data/pleda_gradient/instances/N-t70n11xx";52512
"data/pleda_gradient/instances/N-t70n11xx";52441
"data/pleda_gradient/instances/N-t70n11xx";52517
"data/pleda_gradient/instances/N-t70n11xx";52446
"data/pleda_gradient/instances/N-t70n11xx";52536
"data/pleda_gradient/instances/N-t70n11xx";52488
"data/pleda_gradient/instances/N-t70n11xx";52506
"data/pleda_gradient/instances/N-t70n11xx";52515
"data/pleda_gradient/instances/N-t70n11xx";52540
"data/pleda_gradient/instances/N-t70n11xx";52505
"data/pleda_gradient/instances/N-t70n11xx";52449
"data/pleda_gradient/instances/N-t70n11xx";52218
"data/pleda_gradient/instances/N-t70n11xx";52221
"data/pleda_gradient/instances/N-t70n11xx";52500
"data/pleda_gradient/instances/N-t70n11xx";52512
"data/pleda_gradient/instances/N-t70n11xx";52464
"data/pleda_gradient/instances/N-t70n11xx";52455
"data/pleda_gradient/instances/N-t70n11xx";52524
"data/pleda_gradient/instances/N-t70n11xx";52510
"data/pleda_gradient/instances/N-t70n11xx";52519
"data/pleda_gradient/instances/N-t70n11xx";52509
"data/pleda_gradient/instances/N-t70n11xx";52447
"data/pleda_gradient/instances/N-t70n11xx";52527
"data/pleda_gradient/instances/N-t70n11xx";52482
"data/pleda_gradient/instances/N-t70n11xx";52506
"data/pleda_gradient/instances/N-t70n11xx";52175
"data/pleda_gradient/instances/N-t70n11xx";52511
"data/pleda_gradient/instances/N-t70n11xx";52528
"data/pleda_gradient/instances/N-t70n11xx";52234
"data/pleda_gradient/instances/N-t70n11xx";52469
"data/pleda_gradient/instances/N-t70n11xx";52525
"data/pleda_gradient/instances/N-t70n11xx";52224
"data/pleda_gradient/instances/N-t70n11xx";52522
"data/pleda_gradient/instances/N-t70n11xx";52450
"data/pleda_gradient/instances/N-t70n11xx";52482
"data/pleda_gradient/instances/N-t70n11xx";52527
"data/pleda_gradient/instances/N-t70n11xx";52473
"data/pleda_gradient/instances/N-t70n11xx";52509
"data/pleda_gradient/instances/N-t70n11xx";52512
"data/pleda_gradient/instances/N-t70n11xx";52471
"data/pleda_gradient/instances/N-t70n11xx";52512
"data/pleda_gradient/instances/N-t70n11xx";52529
"data/pleda_gradient/instances/N-t70n11xx";52493
"data/pleda_gradient/instances/N-t70n11xx";52532
"data/pleda_gradient/instances/N-t70n11xx";52510
"data/pleda_gradient/instances/N-t70n11xx";52493
"data/pleda_gradient/instances/N-t70n11xx";52480
"data/pleda_gradient/instances/N-t70n11xx";52504
"data/pleda_gradient/instances/N-t70n11xx";52355
"data/pleda_gradient/instances/N-t70n11xx";52189
"data/pleda_gradient/instances/N-t70n11xx";52502
"data/pleda_gradient/instances/N-t70n11xx";52492
"data/pleda_gradient/instances/N-t70n11xx";52524
"data/pleda_gradient/instances/N-t70n11xx";52481
"data/pleda_gradient/instances/N-t70n11xx";52206
"data/pleda_gradient/instances/N-t70n11xx";52499
"data/pleda_gradient/instances/N-t70n11xx";52480
"data/pleda_gradient/instances/N-t70n11xx";52513
"data/pleda_gradient/instances/N-t70n11xx";52235
"data/pleda_gradient/instances/N-t70n11xx";52472
"data/pleda_gradient/instances/N-t70n11xx";52521
"data/pleda_gradient/instances/N-t70n11xx";52475
"data/pleda_gradient/instances/N-t70n11xx";52440
"data/pleda_gradient/instances/N-t70n11xx";52488
"data/pleda_gradient/instances/N-t70n11xx";52431
"data/pleda_gradient/instances/N-t70n11xx";52222
"data/pleda_gradient/instances/N-t70n11xx";52202
"data/pleda_gradient/instances/N-t70n11xx";52524
"data/pleda_gradient/instances/N-t70n11xx";52465
"data/pleda_gradient/instances/N-t70n11xx";52458
"data/pleda_gradient/instances/N-t70n11xx";52451
"data/pleda_gradient/instances/N-t70n11xx";52499
"data/pleda_gradient/instances/N-t70n11xx";52495
"data/pleda_gradient/instances/N-t70n11xx";52219
"data/pleda_gradient/instances/N-t70n11xx";52445
"data/pleda_gradient/instances/N-t70n11xx";52525
"data/pleda_gradient/instances/N-t70n11xx";52213
"data/pleda_gradient/instances/N-t70n11xx";52170
"data/pleda_gradient/instances/N-t70n11xx";52475
"data/pleda_gradient/instances/N-t70n11xx";52486
"data/pleda_gradient/instances/N-t70n11xx";52503
"data/pleda_gradient/instances/N-t70n11xx";52522
"data/pleda_gradient/instances/N-t70n11xx";52488
"data/pleda_gradient/instances/N-t70n11xx";52542
"data/pleda_gradient/instances/N-t70n11xx";52450
"data/pleda_gradient/instances/N-t70n11xx";52479
"data/pleda_gradient/instances/N-t70n11xx";52489
"data/pleda_gradient/instances/N-t70n11xx";52507
"data/pleda_gradient/instances/N-t70n11xx";52217
"data/pleda_gradient/instances/N-t70n11xx";52240
"data/pleda_gradient/instances/N-t70n11xx";52480
"data/pleda_gradient/instances/N-t70n11xx";52502
"data/pleda_gradient/instances/N-t70n11xx";52516
"data/pleda_gradient/instances/N-t70n11xx";52479
"data/pleda_gradient/instances/N-t70n11xx";52461
"data/pleda_gradient/instances/N-t70n11xx";52222
"data/pleda_gradient/instances/N-t70n11xx";52468
"data/pleda_gradient/instances/N-t70n11xx";52473
"data/pleda_gradient/instances/N-t70n11xx";52510
"data/pleda_gradient/instances/N-t70n11xx";52466
"data/pleda_gradient/instances/N-t70n11xx";52207
"data/pleda_gradient/instances/N-t70n11xx";52514
"data/pleda_gradient/instances/N-t70n11xx";52492
"data/pleda_gradient/instances/N-t70n11xx";52480
"data/pleda_gradient/instances/N-t70n11xx";52505
"data/pleda_gradient/instances/N-t70n11xx";52520
"data/pleda_gradient/instances/N-t70n11xx";52449
"data/pleda_gradient/instances/N-t70n11xx";52489
"data/pleda_gradient/instances/N-t70n11xx";52493
"data/pleda_gradient/instances/N-t70n11xx";52521
"data/pleda_gradient/instances/N-t70n11xx";52501
"data/pleda_gradient/instances/N-t70n11xx";52517
"data/pleda_gradient/instances/N-t70n11xx";52418
"data/pleda_gradient/instances/N-t70n11xx";52434
"data/pleda_gradient/instances/N-t70n11xx";52482
"data/pleda_gradient/instances/N-t70n11xx";52518
"data/pleda_gradient/instances/N-t70n11xx";52500
"data/pleda_gradient/instances/N-t70n11xx";52456
"data/pleda_gradient/instances/N-t70n11xx";52514
"data/pleda_gradient/instances/N-t70n11xx";52490
"data/pleda_gradient/instances/N-t70n11xx";52491
"data/pleda_gradient/instances/N-t70n11xx";52456
"data/pleda_gradient/instances/N-t70n11xx";52442
"data/pleda_gradient/instances/N-t70n11xx";52500
"data/pleda_gradient/instances/N-t70n11xx";52205
"data/pleda_gradient/instances/N-t70n11xx";52464
"data/pleda_gradient/instances/N-t70n11xx";52501
"data/pleda_gradient/instances/N-t70n11xx";52485
"data/pleda_gradient/instances/N-t70n11xx";52519
"data/pleda_gradient/instances/N-t70n11xx";52492
"data/pleda_gradient/instances/N-t70n11xx";52491
"data/pleda_gradient/instances/N-t70n11xx";52509
"data/pleda_gradient/instances/N-t70n11xx";52466
"data/pleda_gradient/instances/N-t70n11xx";52501
"data/pleda_gradient/instances/N-t70n11xx";52503
"data/pleda_gradient/instances/N-t70n11xx";52214
"data/pleda_gradient/instances/N-t70n11xx";52505
"data/pleda_gradient/instances/N-t70n11xx";52497
"data/pleda_gradient/instances/N-t70n11xx";52458
"data/pleda_gradient/instances/N-t70n11xx";52480
"data/pleda_gradient/instances/N-t70n11xx";52522
"data/pleda_gradient/instances/N-t70n11xx";52223
"data/pleda_gradient/instances/N-t70n11xx";52479
"data/pleda_gradient/instances/N-t70n11xx";52480
"data/pleda_gradient/instances/N-t70n11xx";52498
"data/pleda_gradient/instances/N-t70n11xx";52188
"data/pleda_gradient/instances/N-t70n11xx";52493
"data/pleda_gradient/instances/N-t70n11xx";52490
"data/pleda_gradient/instances/N-t70n11xx";52500
"data/pleda_gradient/instances/N-t70n11xx";52508
"data/pleda_gradient/instances/N-t70n11xx";52502
"data/pleda_gradient/instances/N-t70n11xx";52547
"data/pleda_gradient/instances/N-t70n11xx";52528
"data/pleda_gradient/instances/N-t70n11xx";52421
"data/pleda_gradient/instances/N-t70n11xx";52442
"data/pleda_gradient/instances/N-t70n11xx";52477
"data/pleda_gradient/instances/N-t70n11xx";52505
"data/pleda_gradient/instances/N-t70n11xx";52529
"data/pleda_gradient/instances/N-t70n11xx";52487
"data/pleda_gradient/instances/N-t70n11xx";52506
"data/pleda_gradient/instances/N-t70n11xx";52521
"data/pleda_gradient/instances/N-t70n11xx";52458
"data/pleda_gradient/instances/N-t70n11xx";52488
"data/pleda_gradient/instances/N-t70n11xx";52525
"data/pleda_gradient/instances/N-t70n11xx";52516
"data/pleda_gradient/instances/N-t70n11xx";52509
"data/pleda_gradient/instances/N-t70n11xx";52506
"data/pleda_gradient/instances/N-t70n11xx";52510
"data/pleda_gradient/instances/N-t70n11xx";52480
"data/pleda_gradient/instances/N-t70n11xx";52514
"data/pleda_gradient/instances/N-t70n11xx";52474
"data/pleda_gradient/instances/N-t70n11xx";52444
"data/pleda_gradient/instances/N-t70n11xx";52516
"data/pleda_gradient/instances/N-t70n11xx";52221
"data/pleda_gradient/instances/N-t70n11xx";52475
"data/pleda_gradient/instances/N-t70n11xx";52482
"data/pleda_gradient/instances/N-t70n11xx";52244
"data/pleda_gradient/instances/N-t70n11xx";52513
"data/pleda_gradient/instances/N-t70n11xx";52508
"data/pleda_gradient/instances/N-t70n11xx";52512
"data/pleda_gradient/instances/N-t70n11xx";52498
"data/pleda_gradient/instances/N-t70n11xx";52506
"data/pleda_gradient/instances/N-t70n11xx";52488
"data/pleda_gradient/instances/N-t70n11xx";52478
"data/pleda_gradient/instances/N-t70n11xx";52496
"data/pleda_gradient/instances/N-t70n11xx";52467
"data/pleda_gradient/instances/N-t70n11xx";52495
"data/pleda_gradient/instances/N-t70n11xx";52490
"data/pleda_gradient/instances/N-t70n11xx";52502
"data/pleda_gradient/instances/N-t70n11xx";52526
"data/pleda_gradient/instances/N-t70n11xx";52536
"data/pleda_gradient/instances/N-t70n11xx";52518
"data/pleda_gradient/instances/N-t70n11xx";52191
"data/pleda_gradient/instances/N-t70n11xx";52515
"data/pleda_gradient/instances/N-t70n11xx";52496
"data/pleda_gradient/instances/N-t70n11xx";52481
"data/pleda_gradient/instances/N-t70n11xx";52502
"data/pleda_gradient/instances/N-t70n11xx";52437
"data/pleda_gradient/instances/N-t70n11xx";52523
"data/pleda_gradient/instances/N-t70n11xx";52500
"data/pleda_gradient/instances/N-t70n11xx";52459
"data/pleda_gradient/instances/N-t70n11xx";52504
"data/pleda_gradient/instances/N-t70n11xx";52525
"data/pleda_gradient/instances/N-t70n11xx";52506
"data/pleda_gradient/instances/N-t70n11xx";52199
"data/pleda_gradient/instances/N-t70n11xx";52486
"data/pleda_gradient/instances/N-t70n11xx";52524
"data/pleda_gradient/instances/N-t70n11xx";52489
"data/pleda_gradient/instances/N-t70n11xx";52480
"data/pleda_gradient/instances/N-t70n11xx";52238
"data/pleda_gradient/instances/N-t70n11xx";52451
"data/pleda_gradient/instances/N-t70n11xx";52498
"data/pleda_gradient/instances/N-t70n11xx";52449
"data/pleda_gradient/instances/N-t70n11xx";52537
"data/pleda_gradient/instances/N-t70n11xx";52497
"data/pleda_gradient/instances/N-t70n11xx";52530
"data/pleda_gradient/instances/N-t70n11xx";52487
"data/pleda_gradient/instances/N-t70n11xx";52492
"data/pleda_gradient/instances/N-t70n11xx";52524
"data/pleda_gradient/instances/N-t70n11xx";52525
"data/pleda_gradient/instances/N-t70n11xx";52480
"data/pleda_gradient/instances/N-t70n11xx";52491
"data/pleda_gradient/instances/N-t70n11xx";52502
"data/pleda_gradient/instances/N-t70n11xx";52252
"data/pleda_gradient/instances/N-t70n11xx";52503
"data/pleda_gradient/instances/N-t70n11xx";52455
"data/pleda_gradient/instances/N-t70n11xx";52513
"data/pleda_gradient/instances/N-t70n11xx";52514
"data/pleda_gradient/instances/N-t70n11xx";52535
"data/pleda_gradient/instances/N-t70n11xx";52505
"data/pleda_gradient/instances/N-t70n11xx";52517
"data/pleda_gradient/instances/N-t70n11xx";52516
"data/pleda_gradient/instances/N-t70n11xx";52464
"data/pleda_gradient/instances/N-t70n11xx";52498
"data/pleda_gradient/instances/N-t70n11xx";52213
"data/pleda_gradient/instances/N-t70n11xx";52469
"data/pleda_gradient/instances/N-t70n11xx";52505
"data/pleda_gradient/instances/N-t70n11xx";52491
"data/pleda_gradient/instances/N-t70n11xx";52219
"data/pleda_gradient/instances/N-t70n11xx";52512
"data/pleda_gradient/instances/N-t70n11xx";52229
"data/pleda_gradient/instances/N-t70n11xx";52526
"data/pleda_gradient/instances/N-t70n11xx";52488
"data/pleda_gradient/instances/N-t70n11xx";52503
"data/pleda_gradient/instances/N-t70n11xx";52472
"data/pleda_gradient/instances/N-t70n11xx";52504
"data/pleda_gradient/instances/N-t70n11xx";52530
"data/pleda_gradient/instances/N-t70n11xx";52470
"data/pleda_gradient/instances/N-t70n11xx";52455
"data/pleda_gradient/instances/N-t70n11xx";52450
"data/pleda_gradient/instances/N-t70n11xx";52220
"data/pleda_gradient/instances/N-t70n11xx";52468
"data/pleda_gradient/instances/N-t70n11xx";52441
"data/pleda_gradient/instances/N-t70n11xx";52464
"data/pleda_gradient/instances/N-t70n11xx";52471
"data/pleda_gradient/instances/N-t70n11xx";52519
"data/pleda_gradient/instances/N-t70n11xx";52483
"data/pleda_gradient/instances/N-t70n11xx";52205
"data/pleda_gradient/instances/N-t70n11xx";52515
"data/pleda_gradient/instances/N-t70n11xx";52478
"data/pleda_gradient/instances/N-t70n11xx";52497
"data/pleda_gradient/instances/N-t70n11xx";52293
"data/pleda_gradient/instances/N-t70n11xx";52473
"data/pleda_gradient/instances/N-t70n11xx";52473
"data/pleda_gradient/instances/N-t70n11xx";52449
"data/pleda_gradient/instances/N-t70n11xx";52477
"data/pleda_gradient/instances/N-t70n11xx";52212
"data/pleda_gradient/instances/N-t70n11xx";52500
"data/pleda_gradient/instances/N-t70n11xx";52503
"data/pleda_gradient/instances/N-t70n11xx";52446
"data/pleda_gradient/instances/N-t70n11xx";52206
"data/pleda_gradient/instances/N-t70n11xx";52199
"data/pleda_gradient/instances/N-t70n11xx";52503
"data/pleda_gradient/instances/N-t70n11xx";52448
"data/pleda_gradient/instances/N-t70n11xx";52541
"data/pleda_gradient/instances/N-t70n11xx";52464
"data/pleda_gradient/instances/N-t70n11xx";52487
"data/pleda_gradient/instances/N-t70n11xx";52491
"data/pleda_gradient/instances/N-t70n11xx";52476
"data/pleda_gradient/instances/N-t70n11xx";52502
"data/pleda_gradient/instances/N-t70n11xx";52454
"data/pleda_gradient/instances/N-t70n11xx";52505
"data/pleda_gradient/instances/N-t70n11xx";52523
"data/pleda_gradient/instances/N-t70n11xx";52252
"data/pleda_gradient/instances/N-t70n11xx";52523
"data/pleda_gradient/instances/N-t70n11xx";52469
"data/pleda_gradient/instances/N-t70n11xx";52482
"data/pleda_gradient/instances/N-t70n11xx";52494
"data/pleda_gradient/instances/N-t70n11xx";52503
"data/pleda_gradient/instances/N-t70n11xx";52475
"data/pleda_gradient/instances/N-t70n11xx";52475
"data/pleda_gradient/instances/N-t70n11xx";52510
"data/pleda_gradient/instances/N-t70n11xx";52501
"data/pleda_gradient/instances/N-t70n11xx";52531
"data/pleda_gradient/instances/N-t70n11xx";52472
"data/pleda_gradient/instances/N-t70n11xx";52458
"data/pleda_gradient/instances/N-t70n11xx";52481
"data/pleda_gradient/instances/N-t70n11xx";52517
"data/pleda_gradient/instances/N-t70n11xx";52506
"data/pleda_gradient/instances/N-t70n11xx";52213
"data/pleda_gradient/instances/N-t70n11xx";52514
"data/pleda_gradient/instances/N-t70n11xx";52471
"data/pleda_gradient/instances/N-t70n11xx";52532
"data/pleda_gradient/instances/N-t70n11xx";52503
"data/pleda_gradient/instances/N-t70n11xx";52489
"data/pleda_gradient/instances/N-t70n11xx";52244
"data/pleda_gradient/instances/N-t70n11xx";52463
"data/pleda_gradient/instances/N-t70n11xx";52457
"data/pleda_gradient/instances/N-t70n11xx";52501
"data/pleda_gradient/instances/N-t70n11xx";52493
"data/pleda_gradient/instances/N-t70n11xx";52453
"data/pleda_gradient/instances/N-t70n11xx";52453
"data/pleda_gradient/instances/N-t70n11xx";52452
"data/pleda_gradient/instances/N-t70n11xx";52532
"data/pleda_gradient/instances/N-t70n11xx";52523
"data/pleda_gradient/instances/N-t70n11xx";52434
"data/pleda_gradient/instances/N-t70n11xx";52521
"data/pleda_gradient/instances/N-t70n11xx";52225
"data/pleda_gradient/instances/N-t70n11xx";52440
"data/pleda_gradient/instances/N-t70n11xx";52516
"data/pleda_gradient/instances/N-t70n11xx";52478
"data/pleda_gradient/instances/N-t70n11xx";52511
"data/pleda_gradient/instances/N-t70n11xx";52535
"data/pleda_gradient/instances/N-t70n11xx";52489
"data/pleda_gradient/instances/N-t70n11xx";52243
"data/pleda_gradient/instances/N-t70n11xx";52486
"data/pleda_gradient/instances/N-t70n11xx";52516
"data/pleda_gradient/instances/N-t70n11xx";52528
"data/pleda_gradient/instances/N-t70n11xx";52481
"data/pleda_gradient/instances/N-t70n11xx";52499
"data/pleda_gradient/instances/N-t70n11xx";52504
"data/pleda_gradient/instances/N-t70n11xx";52475
"data/pleda_gradient/instances/N-t70n11xx";52466
"data/pleda_gradient/instances/N-t70n11xx";52453
"data/pleda_gradient/instances/N-t70n11xx";52512
"data/pleda_gradient/instances/N-t70n11xx";52460
"data/pleda_gradient/instances/N-t70n11xx";52239
"data/pleda_gradient/instances/N-t70n11xx";52215
"data/pleda_gradient/instances/N-t70n11xx";52516
"data/pleda_gradient/instances/N-t70n11xx";52444
"data/pleda_gradient/instances/N-t70n11xx";52519
"data/pleda_gradient/instances/N-t70n11xx";52534
"data/pleda_gradient/instances/N-t70n11xx";52503
"data/pleda_gradient/instances/N-t70n11xx";52510
"data/pleda_gradient/instances/N-t70n11xx";52493
"data/pleda_gradient/instances/N-t70n11xx";52504
"data/pleda_gradient/instances/N-t70n11xx";52523
"data/pleda_gradient/instances/N-t70n11xx";52503
"data/pleda_gradient/instances/N-t70n11xx";52480
"data/pleda_gradient/instances/N-t70n11xx";52474
"data/pleda_gradient/instances/N-t70n11xx";52205
"data/pleda_gradient/instances/N-t70n11xx";52518
"data/pleda_gradient/instances/N-t70n11xx";52508
"data/pleda_gradient/instances/N-t70n11xx";52239
